Feature,Importance
NASDAQ_Close,0.0001818377700450475
SP500_Close,3.096076043670581e-05
VIX_Close,2.560526152374726e-05
Sec_Consumer Defensive,2.14429502575237e-05
SOX_Close,1.577657251989901e-05
MarketCap,1.3122147213307043e-05
Open,1.2205966794349814e-05
RSI_14,9.604023436855617e-06
Market_News_Sentiment,6.627843307630693e-06
Sec_Industrials,5.81268215811559e-06
MA_25D,4.845784583540347e-06
Sec_Basic Materials,3.4494217048264275e-06
Low,2.5433290659969236e-06
MACD_12_26_9,2.4852963658467814e-06
is_growth_250,2.15816544844611e-06
BBL_20_2.0_2.0,1.9061853359391735e-06
Fin_NetAssets,1.8225381440859986e-06
is_growth_core,1.7688153323030566e-06
is_topix_core30,1.6184314372935486e-06
Volume,1.494935437775305e-06
Fin_FinBERT_Score,1.2291827123775065e-06
Sec_Communication Services,1.2109909034601664e-06
is_topix_100,1.1938820472412633e-06
BBM_20_2.0_2.0,1.143905686988838e-06
Val_PSR,1.0116710500739957e-06
Sec_Healthcare,7.150671892035103e-07
Sec_Technology,6.93867554713793e-07
Sec_Consumer Cyclical,3.3080132551049565e-07
Sec_Energy,2.496954986867632e-07
Fin_OrdinaryIncome,2.438642090689218e-07
Fin_OperatingIncome,1.708141131868783e-07
Fin_NetIncome,1.631082276521735e-07
News_Count,1.5953384434200593e-07
High,1.168664823421317e-07
BBB_20_2.0_2.0,3.7244149237759816e-08
MA_5D,1.818328352947915e-08
MACDh_12_26_9,5.443726978741903e-09
Val_PER,-1.6682739031360916e-09
is_jpx_nikkei_400,-1.1060587851424025e-08
Fin_NetSales,-2.4172635372087664e-08
MA_75D,-7.206697396006448e-08
BBU_20_2.0_2.0,-9.598860514856838e-08
Sec_Financial Services,-1.4772176632925002e-07
is_nikkei_225,-1.553759666960905e-07
Sec_Utilities,-1.6279830694371916e-07
Val_PBR,-1.744947213150501e-07
Sec_Real Estate,-2.2809996646794978e-07
MACDs_12_26_9,-3.540779577745033e-07
BBP_20_2.0_2.0,-4.2933932629983865e-07
USD_Index_Close,-4.817146699817067e-07
News_Sentiment,-7.37924516980553e-07
Fin_TotalAssets,-9.970571640243592e-07
USD_JPY,-9.611284175318775e-06
