Feature,Importance
USD_JPY,6.235712834978813e-09
MACDs_12_26_9,5.6121414182541685e-09
MA_5D,5.6121414182541685e-09
Fin_NetIncome,4.832677369392968e-09
Sec_Communication Services,4.364998806849485e-09
MarketCap,4.053213320531768e-09
is_nikkei_225,3.741427612169446e-09
MA_25D,3.1178564174894063e-09
Market_News_Sentiment,3.1178564174894063e-09
Fin_TotalAssets,3.1178564174894063e-09
Open,3.1178564174894063e-09
Fin_NetSales,2.494285000764762e-09
BBL_20_2.0_2.0,2.182499514447045e-09
Sec_Consumer Cyclical,1.870713806084723e-09
Fin_NetAssets,1.870713806084723e-09
High,1.870713806084723e-09
Sec_Financial Services,1.870713806084723e-09
is_topix_core30,1.5589280977224007e-09
is_growth_250,1.2471426114046835e-09
Fin_OperatingIncome,1.2471426114046835e-09
BBB_20_2.0_2.0,9.353569030423614e-10
NASDAQ_Close,9.353569030423614e-10
RSI_14,6.235711946800393e-10
BBM_20_2.0_2.0,6.235711946800393e-10
is_topix_100,6.235711946800393e-10
News_Count,6.235711946800393e-10
Sec_Real Estate,6.235711946800393e-10
Sec_Basic Materials,6.235711946800393e-10
Val_PSR,6.235711946800393e-10
News_Sentiment,4.676785625434832e-10
is_growth_core,3.117857083623221e-10
Val_PBR,3.117857083623221e-10
Sec_Consumer Defensive,0.0
Fin_OrdinaryIncome,0.0
SP500_Close,0.0
BBP_20_2.0_2.0,0.0
Volume,-3.117857083623221e-10
USD_Index_Close,-3.117857083623221e-10
MACD_12_26_9,-6.235711946800393e-10
Sec_Technology,-6.235711946800393e-10
BBU_20_2.0_2.0,-1.2471426114046835e-09
Fin_FinBERT_Score,-2.026606660265884e-09
is_jpx_nikkei_400,-2.494285000764762e-09
MA_75D,-2.494285000764762e-09
Low,-2.494285000764762e-09
Sec_Healthcare,-2.494285000764762e-09
SOX_Close,-2.494285000764762e-09
MACDh_12_26_9,-3.1178564174894063e-09
Sec_Utilities,-3.4296419038071235e-09
Sec_Industrials,-4.364998806849485e-09
VIX_Close,-4.520891661030646e-09
Sec_Energy,-5.300355931936451e-09
Val_PER,-5.6121414182541685e-09
